<?xml version="1.0" encoding="UTF-8"?>
<beans xmlns="http://www.springframework.org/schema/beans"
    xmlns:xsi="http://www.w3.org/2001/XMLSchema-instance"
    xmlns:p="http://www.springframework.org/schema/p"
    xmlns:context="http://www.springframework.org/schema/context"
    xsi:schemaLocation="
        http://www.springframework.org/schema/beans
        http://www.springframework.org/schema/beans/spring-beans.xsd
        http://www.springframework.org/schema/context
        http://www.springframework.org/schema/context/spring-context.xsd">

    <bean name="handlerMapping" class="org.springframework.web.servlet.handler.BeanNameUrlHandlerMapping" />
    
    <bean name="/aaa" class="in.sp.controllers.StudentController" />
    
    <bean name="viewResolver" class="org.springframework.web.servlet.view.XmlViewResolver">
    	<property name="location">
    		<value>/WEB-INF/xyz.xml</value>
    	</property>
    </bean>
    
</beans>