<?xml version="1.0" encoding="UTF-8"?>
<beans xmlns="http://www.springframework.org/schema/beans"
    xmlns:xsi="http://www.w3.org/2001/XMLSchema-instance"
    xmlns:context="http://www.springframework.org/schema/context"
    xsi:schemaLocation="http://www.springframework.org/schema/beans
    					http://www.springframework.org/schema/beans/spring-beans.xsd
    					http://www.springframework.org/schema/context
    					http://www.springframework.org/schema/context/spring-context.xsd">

	<context:annotation-config />

	<bean class="org.springframework.jdbc.datasource.DriverManagerDataSource" id="dmDataSource">
		<property name="driverClassName" value="com.mysql.cj.jdbc.Driver" />
		<property name="url" value="jdbc:mysql://localhost:3306/spring_jpa_db" />
		<property name="username" value="root" />
		<property name="password" value="root" />
	</bean>
	
	<bean class="org.springframework.orm.jpa.LocalContainerEntityManagerFactoryBean" id="lcEntityManagerFactoryBean">
		<property name="dataSource" ref="dmDataSource" />
		
		<property name="packagesToScan">
			<list>
				<value>in.sp.entity</value>
			</list>
		</property>
		
		<property name="jpaVendorAdapter">
			<bean class="org.springframework.orm.jpa.vendor.HibernateJpaVendorAdapter" />
		</property>
		
		<property name="jpaProperties">
			<props>
				<prop key="hibernate.hbm2ddl.auto">update</prop>
				<prop key="hibernate.show_sql">true</prop>
			</props>
		</property>
	</bean>
	
	<bean class="in.sp.dao.StudentDaoImpl" id="stdDaoImpl" />

</beans>