<?xml version="1.0" encoding="UTF-8"?>
<project-private xmlns="http://www.netbeans.org/ns/project-private/1">
    <editor-bookmarks xmlns="http://www.netbeans.org/ns/editor-bookmarks/2" lastBookmarkId="0"/>
    <open-files xmlns="http://www.netbeans.org/ns/projectui-open-files/2">
        <group>
            <file>file:/C:/Users/Deepesh%20Panwar/Documents/NetBeansProjects/SpringWebMvcDemo1/web/WEB-INF/mydispatcher-servlet.xml</file>
            <file>file:/C:/Users/Deepesh%20Panwar/Documents/NetBeansProjects/SpringWebMvcDemo1/web/index.jsp</file>
            <file>file:/C:/Users/Deepesh%20Panwar/Documents/NetBeansProjects/SpringWebMvcDemo1/src/java/in/sp/controllers/HelloController.java</file>
        </group>
    </open-files>
</project-private>
