<?xml version="1.0" encoding="UTF-8"?>
<beans xmlns="http://www.springframework.org/schema/beans"
    xmlns:xsi="http://www.w3.org/2001/XMLSchema-instance"
    xmlns:p="http://www.springframework.org/schema/p"
    xmlns:context="http://www.springframework.org/schema/context"
    xsi:schemaLocation="
        http://www.springframework.org/schema/beans
        http://www.springframework.org/schema/beans/spring-beans.xsd
        http://www.springframework.org/schema/context
        http://www.springframework.org/schema/context/spring-context.xsd">

    <bean name="/home" class="org.springframework.web.servlet.mvc.ParameterizableViewController">
    	<property name="viewName" value="home" />
    </bean>
    
    <bean name="/aboutUs" class="org.springframework.web.servlet.mvc.ParameterizableViewController">
    	<property name="viewName" value="about-us" />
    </bean>
    
    <bean name="/contactUs" class="org.springframework.web.servlet.mvc.ParameterizableViewController">
    	<property name="viewName" value="contact-us" />
    </bean>
    
    <bean name="viewResolver" class="org.springframework.web.servlet.view.InternalResourceViewResolver">
    	<property name="prefix" value="/WEB-INF/views/" />
    	<property name="suffix" value=".jsp" />
    </bean>

</beans>