<?xml version="1.0" encoding="UTF-8"?>
<beans xmlns="http://www.springframework.org/schema/beans"
    xmlns:xsi="http://www.w3.org/2001/XMLSchema-instance"
    xmlns:p="http://www.springframework.org/schema/p"
    xmlns:context="http://www.springframework.org/schema/context"
    xsi:schemaLocation="
        http://www.springframework.org/schema/beans
        http://www.springframework.org/schema/beans/spring-beans.xsd
        http://www.springframework.org/schema/context
        http://www.springframework.org/schema/context/spring-context.xsd">

	<!--
    <bean name="handlerMapping" class="org.springframework.web.servlet.handler.SimpleUrlHandlerMapping">
    	<property name="mappings">
    		<props>
    			<prop key="/aaa">helloCon</prop>
    			<prop key="/bbb">hiCon</prop>
    		</props>
    	</property>
    </bean>
    -->
    
    <bean name="handlerMapping" class="org.springframework.web.servlet.handler.SimpleUrlHandlerMapping">
    	<property name="mappings">
    		<value>
    			/aaa = helloCon
    			/bbb = hiCon
    		</value>
    	</property>
    </bean>
    
    <bean id="helloCon" class="in.sp.controllers.HelloController" />
    <bean id="hiCon" class="in.sp.controllers.HiController" />
    
    <bean name="viewResolver" class="org.springframework.web.servlet.view.InternalResourceViewResolver">
    	<property name="prefix" value="/WEB-INF/views/" />
    	<property name="suffix" value=".jsp" />
    </bean>

</beans>