<?xml version="1.0" encoding="UTF-8"?>
<beans xmlns="http://www.springframework.org/schema/beans"
    xmlns:xsi="http://www.w3.org/2001/XMLSchema-instance"
    xmlns:p="http://www.springframework.org/schema/p"
    xmlns:context="http://www.springframework.org/schema/context"
    xsi:schemaLocation="
        http://www.springframework.org/schema/beans
        http://www.springframework.org/schema/beans/spring-beans.xsd
        http://www.springframework.org/schema/context
        http://www.springframework.org/schema/context/spring-context.xsd">

    <bean name="handlerMapping" class="org.springframework.web.servlet.handler.BeanNameUrlHandlerMapping" />
    
    <bean name="/addStudent" class="in.sp.controllers.StudentFormController" />
    <bean name="/updateStudent" class="in.sp.controllers.StudentFormController" />
    <bean name="/deleteStudent" class="in.sp.controllers.StudentFormController" />
    
    <bean name="viewResolver" class="org.springframework.web.servlet.view.InternalResourceViewResolver">
    	<property name="prefix" value="/WEB-INF/views/" />
    	<property name="suffix" value=".jsp" />
    </bean>

</beans>